id;week;amount;due_date;status;loan_id
5c7b11b3-c869-4732-9247-491c2120dcf5;1;1100000;2025-03-01;PAID;13e96370-f415-4697-b5c5-7765d8a780b9
70187b4f-f28e-48bf-9867-a1bfaaf9489f;2;1100000;2025-03-08;PAID;13e96370-f415-4697-b5c5-7765d8a780b9
3f1f1155-7f83-4f0b-ad62-688046b2e1b5;3;1100000;2025-03-15;PAID;13e96370-f415-4697-b5c5-7765d8a780b9
f11d925c-aea6-4f4d-8e98-1ad8753b745c;4;1100000;2025-03-22;PAID;13e96370-f415-4697-b5c5-7765d8a780b9
c753a8ae-84a3-4d48-92c6-c1e9b1445cb9;5;1100000;2025-03-29;PAID;13e96370-f415-4697-b5c5-7765d8a780b9
95bd49f3-6be9-4884-af09-81e1f1de032e;6;1100000;2025-04-05;PAID;13e96370-f415-4697-b5c5-7765d8a780b9
136e697e-bbf4-4ab7-a618-35b4036fc36d;7;1100000;2025-04-12;PAID;13e96370-f415-4697-b5c5-7765d8a780b9
f234cbd5-1aba-4d63-904b-003aa9e47a97;8;1100000;2025-04-19;PAID;13e96370-f415-4697-b5c5-7765d8a780b9
74f82dff-2d2e-41a4-bb1e-8708e2564ccb;9;1100000;2025-04-26;PAID;13e96370-f415-4697-b5c5-7765d8a780b9
beeaa77d-f0ff-4db5-b986-3859c5db2f2b;10;1100000;2025-05-03;PAID;13e96370-f415-4697-b5c5-7765d8a780b9
850e66fd-d464-4115-9ef2-813a9f7e3981;11;1100000;2025-05-10;PAID;13e96370-f415-4697-b5c5-7765d8a780b9
e454f387-963b-431b-b685-c1b6a7e95d0c;12;1100000;2025-05-17;PAID;13e96370-f415-4697-b5c5-7765d8a780b9
b6e1ecc5-3f8e-4c97-a428-e138280944e5;13;1100000;2025-05-24;PAID;13e96370-f415-4697-b5c5-7765d8a780b9
48e1ec0f-42c8-4425-81d9-d763bb3022df;14;1100000;2025-05-31;PAID;13e96370-f415-4697-b5c5-7765d8a780b9
c8aabfd4-1747-42a0-9ac1-3fcf92526f25;15;1100000;2025-06-07;PAID;13e96370-f415-4697-b5c5-7765d8a780b9
994e2ca1-3895-4bb2-b8fb-bb634f5500b0;16;1100000;2025-06-14;PAID;13e96370-f415-4697-b5c5-7765d8a780b9
b67e8041-ecdc-499d-a973-e5c44d4a6cc5;17;1100000;2025-06-21;PAID;13e96370-f415-4697-b5c5-7765d8a780b9
9d0816b0-fef5-494c-9f31-7dd67304e57b;18;1100000;2025-06-28;PENDING;13e96370-f415-4697-b5c5-7765d8a780b9
5bf27a8d-be20-43d0-bf24-f00c9fd00cab;19;1100000;2025-07-05;PENDING;13e96370-f415-4697-b5c5-7765d8a780b9
7bae7db3-5851-447d-b48d-a05f8d90a4f7;20;1100000;2025-07-12;PENDING;13e96370-f415-4697-b5c5-7765d8a780b9
d355c1da-dcfd-400b-8e87-bba363775261;21;1100000;2025-07-19;PENDING;13e96370-f415-4697-b5c5-7765d8a780b9
3934a411-a2d2-4c58-913b-b5f48f80be9f;22;1100000;2025-07-26;PENDING;13e96370-f415-4697-b5c5-7765d8a780b9
c4fee7ee-e2f2-4236-a2d9-1316c6b6d050;23;1100000;2025-08-02;PENDING;13e96370-f415-4697-b5c5-7765d8a780b9
d7dcbe31-b9a2-4f08-b96b-644e2920f6ef;24;1100000;2025-08-09;PENDING;13e96370-f415-4697-b5c5-7765d8a780b9
96a04505-932c-4079-92a0-9e8748c13013;25;1100000;2025-08-16;PENDING;13e96370-f415-4697-b5c5-7765d8a780b9
a6bb36c2-f5ef-455e-9222-50937a3390fb;26;1100000;2025-08-23;PENDING;13e96370-f415-4697-b5c5-7765d8a780b9
77a2b56f-6d40-4995-9eba-969feed8de06;27;1100000;2025-08-30;PENDING;13e96370-f415-4697-b5c5-7765d8a780b9
50ea99f4-dc71-415c-a87a-c045eec85936;28;1100000;2025-09-06;PENDING;13e96370-f415-4697-b5c5-7765d8a780b9
4e69997c-7193-45ae-bd49-d30b73da9fbd;29;1100000;2025-09-13;PENDING;13e96370-f415-4697-b5c5-7765d8a780b9
47dab714-c281-4918-b0cc-a5b5729d6f8b;30;1100000;2025-09-20;PENDING;13e96370-f415-4697-b5c5-7765d8a780b9
641af1cc-7597-499a-83e4-a473e9d31dc0;31;1100000;2025-09-27;PENDING;13e96370-f415-4697-b5c5-7765d8a780b9
71066537-daa4-44f6-90ba-fa41e3604a16;32;1100000;2025-10-04;PENDING;13e96370-f415-4697-b5c5-7765d8a780b9
11cced82-693c-42c9-8f7f-c60b16195416;33;1100000;2025-10-11;PENDING;13e96370-f415-4697-b5c5-7765d8a780b9
4fecf8b2-76d9-4d1a-9c12-75857f11f53b;34;1100000;2025-10-18;PENDING;13e96370-f415-4697-b5c5-7765d8a780b9
b36ff042-369f-4c4b-9f92-3db477a09444;35;1100000;2025-10-25;PENDING;13e96370-f415-4697-b5c5-7765d8a780b9
ab28eaf0-89ee-4f0c-8fef-c6f500d67942;36;1100000;2025-11-01;PENDING;13e96370-f415-4697-b5c5-7765d8a780b9
b5f961fd-bc52-4fb5-9e8b-c6e413bdb9dc;37;1100000;2025-11-08;PENDING;13e96370-f415-4697-b5c5-7765d8a780b9
7f3f0d07-92b3-4c74-b8af-7a6e86622981;38;1100000;2025-11-15;PENDING;13e96370-f415-4697-b5c5-7765d8a780b9
f6f58c6c-2a8d-43be-b6fd-ae0f7f327e2c;39;1100000;2025-11-22;PENDING;13e96370-f415-4697-b5c5-7765d8a780b9
10fd8820-7d6e-4a72-b653-ff58c6a47246;40;1100000;2025-11-29;PENDING;13e96370-f415-4697-b5c5-7765d8a780b9
5cc3bb7e-2535-47e3-9123-90df9b08b3b4;41;1100000;2025-12-06;PENDING;13e96370-f415-4697-b5c5-7765d8a780b9
72053f15-ce79-46ca-aacb-ca8d1be08ebe;42;1100000;2025-12-13;PENDING;13e96370-f415-4697-b5c5-7765d8a780b9
c6b0a97c-f491-494a-b2ad-1daa03ada6df;43;1100000;2025-12-20;PENDING;13e96370-f415-4697-b5c5-7765d8a780b9
88271b27-9f99-4e08-9e98-855545dbc7c9;44;1100000;2025-12-27;PENDING;13e96370-f415-4697-b5c5-7765d8a780b9
b19d64d4-9533-4a1f-85de-ef149ecaffef;45;1100000;2026-01-03;PENDING;13e96370-f415-4697-b5c5-7765d8a780b9
73ac3ef3-7ecd-4009-b59b-a7aed336edf6;46;1100000;2026-01-10;PENDING;13e96370-f415-4697-b5c5-7765d8a780b9
cb3cb8b8-abf0-495f-aa81-f773d698109b;47;1100000;2026-01-17;PENDING;13e96370-f415-4697-b5c5-7765d8a780b9
fdfd025a-fa4c-4e2f-b8d9-8b01996e4a11;48;1100000;2026-01-24;PENDING;13e96370-f415-4697-b5c5-7765d8a780b9
ee844ebf-9b05-4f5d-973b-f8f3cc32d95f;49;1100000;2026-01-31;PENDING;13e96370-f415-4697-b5c5-7765d8a780b9
9045ba55-1b0e-47c3-827e-30457bf70752;50;1100000;2026-02-07;PENDING;13e96370-f415-4697-b5c5-7765d8a780b9
63bf603f-e126-40f2-8cfc-95aad10f4167;1;1100000;2025-03-01;PAID;4c8ba930-2edb-4c62-a3a2-e83f46969d47
b1e775b5-67a2-48ff-b5c9-f16a69638d66;2;1100000;2025-03-08;PAID;4c8ba930-2edb-4c62-a3a2-e83f46969d47
7cc1e920-793f-46c9-9351-9baadbd75c7c;3;1100000;2025-03-15;PAID;4c8ba930-2edb-4c62-a3a2-e83f46969d47
c30e43f5-70b6-4368-b55a-fe140d806495;4;1100000;2025-03-22;PAID;4c8ba930-2edb-4c62-a3a2-e83f46969d47
468e2d2c-926e-4788-ab43-601fb2636cb5;5;1100000;2025-03-29;PAID;4c8ba930-2edb-4c62-a3a2-e83f46969d47
dd4c1b5e-d123-4a17-bdab-8b33fcc885fe;6;1100000;2025-04-05;PAID;4c8ba930-2edb-4c62-a3a2-e83f46969d47
44ded8cd-f182-456e-b43a-74e8d8270dfc;7;1100000;2025-04-12;PAID;4c8ba930-2edb-4c62-a3a2-e83f46969d47
7d000b2e-cce5-4fa3-9462-f133244c63b8;8;1100000;2025-04-19;PAID;4c8ba930-2edb-4c62-a3a2-e83f46969d47
82f71655-81bc-44b6-83eb-55935018ceaa;9;1100000;2025-04-26;PAID;4c8ba930-2edb-4c62-a3a2-e83f46969d47
e99b7aad-f839-4df9-8b1d-3f2aa7223efa;10;1100000;2025-05-03;PAID;4c8ba930-2edb-4c62-a3a2-e83f46969d47
66629e00-f57a-4308-b164-d051b393d802;11;1100000;2025-05-10;PAID;4c8ba930-2edb-4c62-a3a2-e83f46969d47
1db16649-26ba-47ad-a05d-ba1a6510d59a;12;1100000;2025-05-17;PAID;4c8ba930-2edb-4c62-a3a2-e83f46969d47
978d3019-a16e-46ce-98db-031c336d1cfb;13;1100000;2025-05-24;PAID;4c8ba930-2edb-4c62-a3a2-e83f46969d47
b4fe2581-aae4-4781-92c1-1e4b1db77afc;14;1100000;2025-05-31;PAID;4c8ba930-2edb-4c62-a3a2-e83f46969d47
4ec28521-e5e1-4842-a88a-d81c9d1d6dd8;15;1100000;2025-06-07;PENDING;4c8ba930-2edb-4c62-a3a2-e83f46969d47
5fe5d831-f3d8-4fc8-b541-abcfd6709d32;16;1100000;2025-06-14;PENDING;4c8ba930-2edb-4c62-a3a2-e83f46969d47
c9c27970-4345-463a-bb37-a4952d35cff4;17;1100000;2025-06-21;PENDING;4c8ba930-2edb-4c62-a3a2-e83f46969d47
ee1e27fc-6aba-4192-9d4c-089d2d0f1ff6;18;1100000;2025-06-28;PENDING;4c8ba930-2edb-4c62-a3a2-e83f46969d47
5d38daa4-803e-447c-8b34-6253d47f5ee6;19;1100000;2025-07-05;PENDING;4c8ba930-2edb-4c62-a3a2-e83f46969d47
2b06b05d-ef9b-49ad-a5f0-fe09ac083d90;20;1100000;2025-07-12;PENDING;4c8ba930-2edb-4c62-a3a2-e83f46969d47
83e423f9-c93f-460d-9735-49920b689fe9;21;1100000;2025-07-19;PENDING;4c8ba930-2edb-4c62-a3a2-e83f46969d47
88a09836-3558-4c23-a881-0fa6946d1ccd;22;1100000;2025-07-26;PENDING;4c8ba930-2edb-4c62-a3a2-e83f46969d47
cf3097ea-4137-45cc-97ab-89b33bef487b;23;1100000;2025-08-02;PENDING;4c8ba930-2edb-4c62-a3a2-e83f46969d47
1911b5ac-a318-41c7-bd22-1d302145bfa8;24;1100000;2025-08-09;PENDING;4c8ba930-2edb-4c62-a3a2-e83f46969d47
baebacfb-9ede-45df-8d9c-68450eac0fff;25;1100000;2025-08-16;PENDING;4c8ba930-2edb-4c62-a3a2-e83f46969d47
cabab276-aa00-4bcd-bd48-0c9fc66cd34a;26;1100000;2025-08-23;PENDING;4c8ba930-2edb-4c62-a3a2-e83f46969d47
1dbbd4fc-667f-44c5-b2db-05553044c131;27;1100000;2025-08-30;PENDING;4c8ba930-2edb-4c62-a3a2-e83f46969d47
892cc606-8ac2-4cbc-bb20-5be4743bf859;28;1100000;2025-09-06;PENDING;4c8ba930-2edb-4c62-a3a2-e83f46969d47
027b34ea-78ee-4a7c-88d6-81f0d76d8b71;29;1100000;2025-09-13;PENDING;4c8ba930-2edb-4c62-a3a2-e83f46969d47
e2eea387-4474-4399-9925-93c3fdfeb3fb;30;1100000;2025-09-20;PENDING;4c8ba930-2edb-4c62-a3a2-e83f46969d47
c88d394d-ea3d-4bf7-89d9-27c99a7ce738;31;1100000;2025-09-27;PENDING;4c8ba930-2edb-4c62-a3a2-e83f46969d47
cf2c3a8b-7f85-4c39-9cc0-076b997c3b8d;32;1100000;2025-10-04;PENDING;4c8ba930-2edb-4c62-a3a2-e83f46969d47
68c7acd2-f177-44bd-a93d-4f5c479c26ea;33;1100000;2025-10-11;PENDING;4c8ba930-2edb-4c62-a3a2-e83f46969d47
84f37f42-4f24-4a12-9f5f-80aac2771a78;34;1100000;2025-10-18;PENDING;4c8ba930-2edb-4c62-a3a2-e83f46969d47
61fe96d0-0c04-4a57-90aa-3282abc80ec3;35;1100000;2025-10-25;PENDING;4c8ba930-2edb-4c62-a3a2-e83f46969d47
6046ae6b-4bf7-4369-a646-b77416d37b16;36;1100000;2025-11-01;PENDING;4c8ba930-2edb-4c62-a3a2-e83f46969d47
22072a52-7f1e-41cd-85ce-99b30851abbd;37;1100000;2025-11-08;PENDING;4c8ba930-2edb-4c62-a3a2-e83f46969d47
fee722d4-d1fe-4923-9924-6fecdc00b7c3;38;1100000;2025-11-15;PENDING;4c8ba930-2edb-4c62-a3a2-e83f46969d47
76406711-d023-4fae-b337-dbbda13e3d92;39;1100000;2025-11-22;PENDING;4c8ba930-2edb-4c62-a3a2-e83f46969d47
700b6b05-68ec-4fae-baf2-87e6e9dd59e4;40;1100000;2025-11-29;PENDING;4c8ba930-2edb-4c62-a3a2-e83f46969d47
d3b6277b-d0a7-4d33-9924-f5a5f596f434;41;1100000;2025-12-06;PENDING;4c8ba930-2edb-4c62-a3a2-e83f46969d47
c071d233-2ca5-446f-98b8-dfbbc2298934;42;1100000;2025-12-13;PENDING;4c8ba930-2edb-4c62-a3a2-e83f46969d47
a9226f51-1365-4afd-a8c0-ded65424d9b1;43;1100000;2025-12-20;PENDING;4c8ba930-2edb-4c62-a3a2-e83f46969d47
68c713a4-f0dc-47b8-a7cc-0e896eb8f1ee;44;1100000;2025-12-27;PENDING;4c8ba930-2edb-4c62-a3a2-e83f46969d47
1e2c440f-486c-41c2-a63b-3985fc09f2b9;45;1100000;2026-01-03;PENDING;4c8ba930-2edb-4c62-a3a2-e83f46969d47
8063b0b3-6d8d-46ca-beef-85c251f2721d;46;1100000;2026-01-10;PENDING;4c8ba930-2edb-4c62-a3a2-e83f46969d47
c4c41e00-014a-4fbd-b156-64c6999dd1b6;47;1100000;2026-01-17;PENDING;4c8ba930-2edb-4c62-a3a2-e83f46969d47
9d266649-328a-42e0-a122-35a881ebc1ae;48;1100000;2026-01-24;PENDING;4c8ba930-2edb-4c62-a3a2-e83f46969d47
10886af4-00cf-4e07-a1f9-af7244884580;49;1100000;2026-01-31;PENDING;4c8ba930-2edb-4c62-a3a2-e83f46969d47
7a65339c-be3f-443a-b9ec-9d7eaaf39c09;50;1100000;2026-02-07;PENDING;4c8ba930-2edb-4c62-a3a2-e83f46969d47
